{
  "timestamp": "2026-01-15T23:51:58.516706+07:00",
  "config": {
    "Iterations": 200,
    "WarmupIterations": 10,
    "Concurrency": 200,
    "ConcurrencyLevels": [
      1,
      10,
      25,
      50,
      100,
      200
    ],
    "ObjectSizes": [
      1024,
      65536,
      1048576,
      10485760,
      104857600
    ],
    "OutputDir": "./pkg/storage/report",
    "Drivers": [
      "liteio"
    ],
    "Timeout": 30000000000,
    "ParallelTimeout": 120000000000,
    "Quick": false,
    "Large": false,
    "DockerStats": false,
    "Verbose": false,
    "Duration": 0,
    "MinIterations": 10,
    "OutputFormats": [
      "markdown",
      "json",
      "csv"
    ],
    "CompareBaseline": "",
    "SaveBaseline": "",
    "FileCounts": [
      1,
      10,
      100,
      1000,
      10000
    ],
    "Filter": "Parallel"
  },
  "results": [
    {
      "operation": "ParallelWrite/1KB/C1",
      "driver": "liteio",
      "object_size": 1024,
      "iterations": 200,
      "total_time": 99390160,
      "min_latency": 277250,
      "max_latency": 1873334,
      "avg_latency": 496950,
      "p50_latency": 405500,
      "p95_latency": 1006375,
      "p99_latency": 1649375,
      "throughput": 1.9651090208527684,
      "ops_per_sec": 2012.2716373532348,
      "total_bytes": 204800,
      "errors": 0
    },
    {
      "operation": "ParallelRead/1KB/C1",
      "driver": "liteio",
      "object_size": 1024,
      "iterations": 200,
      "total_time": 45966582,
      "min_latency": 170542,
      "max_latency": 604959,
      "avg_latency": 229832,
      "p50_latency": 210416,
      "p95_latency": 327625,
      "p99_latency": 511500,
      "throughput": 4.249010726966821,
      "ops_per_sec": 4350.986984414025,
      "total_bytes": 204800,
      "errors": 0,
      "ttfb_min": 170458,
      "ttfb_max": 604875,
      "ttfb_avg": 229711,
      "ttfb_p50": 210333,
      "ttfb_p95": 327541,
      "ttfb_p99": 511416
    },
    {
      "operation": "ParallelWrite/1KB/C10",
      "driver": "liteio",
      "object_size": 1024,
      "iterations": 200,
      "total_time": 251827333,
      "min_latency": 571750,
      "max_latency": 3055209,
      "avg_latency": 1259136,
      "p50_latency": 1151500,
      "p95_latency": 2235083,
      "p99_latency": 2621375,
      "throughput": 0.7755810208258848,
      "ops_per_sec": 794.194965325706,
      "total_bytes": 204800,
      "errors": 0
    },
    {
      "operation": "ParallelRead/1KB/C10",
      "driver": "liteio",
      "object_size": 1024,
      "iterations": 200,
      "total_time": 123253998,
      "min_latency": 249583,
      "max_latency": 1440583,
      "avg_latency": 616269,
      "p50_latency": 592291,
      "p95_latency": 996709,
      "p99_latency": 1313959,
      "throughput": 1.5846341958010968,
      "ops_per_sec": 1622.665416500323,
      "total_bytes": 204800,
      "errors": 0,
      "ttfb_min": 249500,
      "ttfb_max": 1440542,
      "ttfb_avg": 616120,
      "ttfb_p50": 591750,
      "ttfb_p95": 996625,
      "ttfb_p99": 1313834
    },
    {
      "operation": "ParallelWrite/1KB/C25",
      "driver": "liteio",
      "object_size": 1024,
      "iterations": 200,
      "total_time": 618332589,
      "min_latency": 507500,
      "max_latency": 8466083,
      "avg_latency": 3091662,
      "p50_latency": 2661000,
      "p95_latency": 6501792,
      "p99_latency": 7690042,
      "throughput": 0.3158696524727407,
      "ops_per_sec": 323.45052413208646,
      "total_bytes": 204800,
      "errors": 0
    },
    {
      "operation": "ParallelRead/1KB/C25",
      "driver": "liteio",
      "object_size": 1024,
      "iterations": 200,
      "total_time": 221474713,
      "min_latency": 459792,
      "max_latency": 2273958,
      "avg_latency": 1107373,
      "p50_latency": 1083292,
      "p95_latency": 1757708,
      "p99_latency": 2023041,
      "throughput": 0.8818726858447267,
      "ops_per_sec": 903.0376303050001,
      "total_bytes": 204800,
      "errors": 0,
      "ttfb_min": 459667,
      "ttfb_max": 2273875,
      "ttfb_avg": 1107210,
      "ttfb_p50": 1083209,
      "ttfb_p95": 1757625,
      "ttfb_p99": 2022958
    },
    {
      "operation": "ParallelWrite/1KB/C50",
      "driver": "liteio",
      "object_size": 1024,
      "iterations": 200,
      "total_time": 1357034342,
      "min_latency": 1440083,
      "max_latency": 26159708,
      "avg_latency": 6785171,
      "p50_latency": 5739666,
      "p95_latency": 14085459,
      "p99_latency": 21100959,
      "throughput": 0.1439259817936133,
      "ops_per_sec": 147.38020535666,
      "total_bytes": 204800,
      "errors": 0
    },
    {
      "operation": "ParallelRead/1KB/C50",
      "driver": "liteio",
      "object_size": 1024,
      "iterations": 200,
      "total_time": 430556040,
      "min_latency": 884167,
      "max_latency": 3810250,
      "avg_latency": 2152780,
      "p50_latency": 1945666,
      "p95_latency": 3543958,
      "p99_latency": 3741375,
      "throughput": 0.45362852185281155,
      "ops_per_sec": 464.515606377279,
      "total_bytes": 204800,
      "errors": 0,
      "ttfb_min": 884084,
      "ttfb_max": 3810125,
      "ttfb_avg": 2151051,
      "ttfb_p50": 1945625,
      "ttfb_p95": 3543708,
      "ttfb_p99": 3741333
    },
    {
      "operation": "ParallelWrite/1KB/C100",
      "driver": "liteio",
      "object_size": 1024,
      "iterations": 200,
      "total_time": 2941073626,
      "min_latency": 1728167,
      "max_latency": 33338125,
      "avg_latency": 14705368,
      "p50_latency": 10874666,
      "p95_latency": 32269333,
      "p99_latency": 33237708,
      "throughput": 0.06640857211916666,
      "ops_per_sec": 68.00237785002666,
      "total_bytes": 204800,
      "errors": 0
    },
    {
      "operation": "ParallelRead/1KB/C100",
      "driver": "liteio",
      "object_size": 1024,
      "iterations": 200,
      "total_time": 755400698,
      "min_latency": 1830083,
      "max_latency": 6171542,
      "avg_latency": 3777003,
      "p50_latency": 3444667,
      "p95_latency": 5496666,
      "p99_latency": 5936000,
      "throughput": 0.2585548312532801,
      "ops_per_sec": 264.7601472033588,
      "total_bytes": 204800,
      "errors": 0,
      "ttfb_min": 1830000,
      "ttfb_max": 6171375,
      "ttfb_avg": 3776887,
      "ttfb_p50": 3444625,
      "ttfb_p95": 5496625,
      "ttfb_p99": 5935833
    },
    {
      "operation": "ParallelWrite/1KB/C200",
      "driver": "liteio",
      "object_size": 1024,
      "iterations": 200,
      "total_time": 5061593882,
      "min_latency": 5356334,
      "max_latency": 34406583,
      "avg_latency": 25307969,
      "p50_latency": 25444959,
      "p95_latency": 33156792,
      "p99_latency": 33719917,
      "throughput": 0.03858715348431425,
      "ops_per_sec": 39.51324516793779,
      "total_bytes": 204800,
      "errors": 0
    },
    {
      "operation": "ParallelRead/1KB/C200",
      "driver": "liteio",
      "object_size": 1024,
      "iterations": 200,
      "total_time": 1273236625,
      "min_latency": 3310000,
      "max_latency": 9118250,
      "avg_latency": 6366183,
      "p50_latency": 6299917,
      "p95_latency": 8507625,
      "p99_latency": 8852584,
      "throughput": 0.15339843055488606,
      "ops_per_sec": 157.07999288820332,
      "total_bytes": 204800,
      "errors": 0,
      "ttfb_min": 3309917,
      "ttfb_max": 9118209,
      "ttfb_avg": 6366065,
      "ttfb_p50": 6299792,
      "ttfb_p95": 8507125,
      "ttfb_p99": 8852500
    }
  ]
}