{
  "timestamp": "2026-01-15T23:34:12.191855+07:00",
  "config": {
    "Iterations": 100,
    "WarmupIterations": 10,
    "Concurrency": 200,
    "ConcurrencyLevels": [
      1,
      10,
      25,
      50,
      100,
      200
    ],
    "ObjectSizes": [
      1024,
      65536,
      1048576,
      10485760,
      104857600
    ],
    "OutputDir": "./pkg/storage/report",
    "Drivers": [
      "liteio",
      "minio"
    ],
    "Timeout": 30000000000,
    "ParallelTimeout": 120000000000,
    "Quick": false,
    "Large": false,
    "DockerStats": false,
    "Verbose": false,
    "Duration": 0,
    "MinIterations": 10,
    "OutputFormats": [
      "markdown",
      "json",
      "csv"
    ],
    "CompareBaseline": "",
    "SaveBaseline": "",
    "FileCounts": [
      1,
      10,
      100,
      1000,
      10000
    ],
    "Filter": "Read"
  },
  "results": [
    {
      "operation": "Read/1KB",
      "driver": "minio",
      "object_size": 1024,
      "iterations": 100,
      "total_time": 37140419,
      "min_latency": 296833,
      "max_latency": 658792,
      "avg_latency": 371404,
      "p50_latency": 357667,
      "p95_latency": 442750,
      "p99_latency": 502208,
      "throughput": 2.629379329296204,
      "ops_per_sec": 2692.484433199313,
      "total_bytes": 102400,
      "errors": 0,
      "ttfb_min": 296750,
      "ttfb_max": 658709,
      "ttfb_avg": 371314,
      "ttfb_p50": 357583,
      "ttfb_p95": 442667,
      "ttfb_p99": 502166
    },
    {
      "operation": "Read/64KB",
      "driver": "minio",
      "object_size": 65536,
      "iterations": 50,
      "total_time": 31839875,
      "min_latency": 516833,
      "max_latency": 1002959,
      "avg_latency": 636797,
      "p50_latency": 610959,
      "p95_latency": 821875,
      "p99_latency": 866458,
      "throughput": 98.14737023936182,
      "ops_per_sec": 1570.3579238297891,
      "total_bytes": 3276800,
      "errors": 0,
      "ttfb_min": 335666,
      "ttfb_max": 883709,
      "ttfb_avg": 457560,
      "ttfb_p50": 428208,
      "ttfb_p95": 626833,
      "ttfb_p99": 805708
    },
    {
      "operation": "Read/1MB",
      "driver": "minio",
      "object_size": 1048576,
      "iterations": 20,
      "total_time": 82581167,
      "min_latency": 3862875,
      "max_latency": 4492708,
      "avg_latency": 4129058,
      "p50_latency": 4112750,
      "p95_latency": 4442750,
      "p99_latency": 4442750,
      "throughput": 242.18596959280075,
      "ops_per_sec": 242.18596959280075,
      "total_bytes": 20971520,
      "errors": 0,
      "ttfb_min": 885709,
      "ttfb_max": 1447125,
      "ttfb_avg": 1032916,
      "ttfb_p50": 999625,
      "ttfb_p95": 1240500,
      "ttfb_p99": 1240500
    },
    {
      "operation": "Read/10MB",
      "driver": "minio",
      "object_size": 10485760,
      "iterations": 10,
      "total_time": 351442876,
      "min_latency": 32183375,
      "max_latency": 38513459,
      "avg_latency": 35144287,
      "p50_latency": 33796625,
      "p95_latency": 37862584,
      "p99_latency": 37862584,
      "throughput": 284.5412635423573,
      "ops_per_sec": 28.45412635423573,
      "total_bytes": 104857600,
      "errors": 0,
      "ttfb_min": 1162625,
      "ttfb_max": 1537334,
      "ttfb_avg": 1310633,
      "ttfb_p50": 1214333,
      "ttfb_p95": 1490834,
      "ttfb_p99": 1490834
    },
    {
      "operation": "Read/100MB",
      "driver": "minio",
      "object_size": 104857600,
      "iterations": 5,
      "total_time": 1699839166,
      "min_latency": 329914416,
      "max_latency": 347721292,
      "avg_latency": 339967833,
      "p50_latency": 339917625,
      "p95_latency": 345707875,
      "p99_latency": 345707875,
      "throughput": 294.1454756431939,
      "ops_per_sec": 2.941454756431939,
      "total_bytes": 524288000,
      "errors": 0,
      "ttfb_min": 1265292,
      "ttfb_max": 1362250,
      "ttfb_avg": 1317100,
      "ttfb_p50": 1318042,
      "ttfb_p95": 1349875,
      "ttfb_p99": 1349875
    },
    {
      "operation": "ParallelRead/1KB/C1",
      "driver": "minio",
      "object_size": 1024,
      "iterations": 100,
      "total_time": 36726043,
      "min_latency": 291792,
      "max_latency": 598708,
      "avg_latency": 367260,
      "p50_latency": 357250,
      "p95_latency": 450125,
      "p99_latency": 533292,
      "throughput": 2.6590463339598007,
      "ops_per_sec": 2722.863445974836,
      "total_bytes": 102400,
      "errors": 0,
      "ttfb_min": 291708,
      "ttfb_max": 598541,
      "ttfb_avg": 367177,
      "ttfb_p50": 357125,
      "ttfb_p95": 450000,
      "ttfb_p99": 532917
    },
    {
      "operation": "ParallelRead/1KB/C10",
      "driver": "minio",
      "object_size": 1024,
      "iterations": 100,
      "total_time": 131513750,
      "min_latency": 611708,
      "max_latency": 3698292,
      "avg_latency": 1315137,
      "p50_latency": 1161000,
      "p95_latency": 2399208,
      "p99_latency": 3616042,
      "throughput": 0.7425554362186463,
      "ops_per_sec": 760.3767666878938,
      "total_bytes": 102400,
      "errors": 0,
      "ttfb_min": 611625,
      "ttfb_max": 3698208,
      "ttfb_avg": 1314976,
      "ttfb_p50": 1160917,
      "ttfb_p95": 2398958,
      "ttfb_p99": 3615917
    },
    {
      "operation": "ParallelRead/1KB/C25",
      "driver": "minio",
      "object_size": 1024,
      "iterations": 100,
      "total_time": 221551458,
      "min_latency": 633417,
      "max_latency": 7072625,
      "avg_latency": 2215514,
      "p50_latency": 1866459,
      "p95_latency": 4445041,
      "p99_latency": 6662083,
      "throughput": 0.4407836034191208,
      "ops_per_sec": 451.3624099011797,
      "total_bytes": 102400,
      "errors": 0,
      "ttfb_min": 633375,
      "ttfb_max": 7072333,
      "ttfb_avg": 2213947,
      "ttfb_p50": 1866417,
      "ttfb_p95": 4444958,
      "ttfb_p99": 6661916
    },
    {
      "operation": "ParallelRead/1KB/C50",
      "driver": "minio",
      "object_size": 1024,
      "iterations": 100,
      "total_time": 462535330,
      "min_latency": 2444959,
      "max_latency": 10228083,
      "avg_latency": 4625353,
      "p50_latency": 3772792,
      "p95_latency": 9802125,
      "p99_latency": 10065709,
      "throughput": 0.2111325204066033,
      "ops_per_sec": 216.19970089636178,
      "total_bytes": 102400,
      "errors": 0,
      "ttfb_min": 2444750,
      "ttfb_max": 10228000,
      "ttfb_avg": 4625120,
      "ttfb_p50": 3772625,
      "ttfb_p95": 9802084,
      "ttfb_p99": 10065667
    },
    {
      "operation": "ParallelRead/1KB/C100",
      "driver": "minio",
      "object_size": 1024,
      "iterations": 100,
      "total_time": 746030703,
      "min_latency": 3749458,
      "max_latency": 10689125,
      "avg_latency": 7460307,
      "p50_latency": 6288917,
      "p95_latency": 10149584,
      "p99_latency": 10388375,
      "throughput": 0.13090111386474668,
      "ops_per_sec": 134.0427405975006,
      "total_bytes": 102400,
      "errors": 0,
      "ttfb_min": 3749291,
      "ttfb_max": 10688875,
      "ttfb_avg": 7458860,
      "ttfb_p50": 6288833,
      "ttfb_p95": 10149375,
      "ttfb_p99": 10387917
    },
    {
      "operation": "ParallelRead/1KB/C200",
      "driver": "minio",
      "object_size": 1024,
      "iterations": 100,
      "total_time": 494895586,
      "min_latency": 1692459,
      "max_latency": 6910125,
      "avg_latency": 4948955,
      "p50_latency": 5271083,
      "p95_latency": 6438334,
      "p99_latency": 6825583,
      "throughput": 0.19732697716968525,
      "ops_per_sec": 202.0628246217577,
      "total_bytes": 102400,
      "errors": 0,
      "ttfb_min": 1692375,
      "ttfb_max": 6910083,
      "ttfb_avg": 4947869,
      "ttfb_p50": 5271000,
      "ttfb_p95": 6438167,
      "ttfb_p99": 6825333
    },
    {
      "operation": "RangeRead/Start_256KB",
      "driver": "minio",
      "object_size": 262144,
      "iterations": 100,
      "total_time": 189508413,
      "min_latency": 1297541,