{
  "timestamp": "2026-01-15T22:42:20.442729+07:00",
  "config": {
    "Iterations": 200,
    "WarmupIterations": 50,
    "Concurrency": 200,
    "ConcurrencyLevels": [
      1,
      10,
      25,
      50,
      100,
      200
    ],
    "ObjectSizes": [
      1024,
      65536,
      1048576,
      10485760,
      104857600
    ],
    "OutputDir": "./pkg/storage/report",
    "Drivers": [
      "liteio",
      "minio",
      "rustfs"
    ],
    "Timeout": 30000000000,
    "ParallelTimeout": 120000000000,
    "Quick": false,
    "Large": false,
    "DockerStats": false,
    "Verbose": false,
    "Duration": 0,
    "MinIterations": 10,
    "OutputFormats": [
      "markdown",
      "json",
      "csv"
    ],
    "CompareBaseline": "",
    "SaveBaseline": "",
    "FileCounts": [
      1,
      10,
      100,
      1000,
      10000
    ],
    "Filter": "MixedWorkload"
  },
  "results": [
    {
      "operation": "MixedWorkload/ReadHeavy_90_10",
      "driver": "minio",
      "object_size": 16384,
      "iterations": 200,
      "total_time": 7057681743,
      "min_latency": 7127125,
      "max_latency": 46515417,
      "avg_latency": 35288408,
      "p50_latency": 39339292,
      "p95_latency": 45490750,
      "p99_latency": 45909792,
      "throughput": 0.44277995435249823,
      "ops_per_sec": 28.337917078559887,
      "total_bytes": 3276800,
      "errors": 0
    },
    {
      "operation": "MixedWorkload/Balanced_50_50",
      "driver": "minio",
      "object_size": 16384,
      "iterations": 200,
      "total_time": 8323279337,
      "min_latency": 8403334,
      "max_latency": 67253042,
      "avg_latency": 41616396,
      "p50_latency": 49525416,
      "p95_latency": 65864084,
      "p99_latency": 66992000,
      "throughput": 0.3754529763416974,
      "ops_per_sec": 24.028990485868633,
      "total_bytes": 3276800,
      "errors": 0
    },
    {
      "operation": "MixedWorkload/WriteHeavy_10_90",
      "driver": "minio",
      "object_size": 16384,
      "iterations": 200,
      "total_time": 8253022037,
      "min_latency": 11716833,
      "max_latency": 61297583,
      "avg_latency": 41265110,
      "p50_latency": 43087625,
      "p95_latency": 59553875,
      "p99_latency": 60926875,
      "throughput": 0.3786491767488298,
      "ops_per_sec": 24.233547311925108,
      "total_bytes": 3276800,
      "errors": 0
    },
    {
      "operation": "MixedWorkload/ReadHeavy_90_10",
      "driver": "rustfs",
      "object_size": 16384,
      "iterations": 200,
      "total_time": 6873649751,
      "min_latency": 11997750,
      "max_latency": 43504542,
      "avg_latency": 34368248,
      "p50_latency": 36343083,
      "p95_latency": 42381917,
      "p99_latency": 43021750,
      "throughput": 0.4546347447431934,
      "ops_per_sec": 29.096623663564376,
      "total_bytes": 3276800,
      "errors": 0
    },
    {
      "operation": "MixedWorkload/Balanced_50_50",
      "driver": "rustfs",
      "object_size": 16384,
      "iterations": 200,
      "total_time": 6510025998,
      "min_latency": 7547291,
      "max_latency": 53087875,
      "avg_latency": 32550129,
      "p50_latency": 27902209,
      "p95_latency": 51982083,
      "p99_latency": 52591000,
      "throughput": 0.4800288049479461,
      "ops_per_sec": 30.72184351666855,
      "total_bytes": 3276800,
      "errors": 0
    },
    {
      "operation": "MixedWorkload/WriteHeavy_10_90",
      "driver": "rustfs",
      "object_size": 16384,
      "iterations": 200,
      "total_time": 15466345375,
      "min_latency": 10133917,
      "max_latency": 258655667,
      "avg_latency": 77331726,
      "p50_latency": 77025208,
      "p95_latency": 228755417,
      "p99_latency": 232813959,
      "throughput": 0.20205161104518526,
      "ops_per_sec": 12.931303106891857,
      "total_bytes": 3276800,
      "errors": 0
    },
    {
      "operation": "MixedWorkload/ReadHeavy_90_10",
      "driver": "liteio",
      "object_size": 16384,
      "iterations": 200,
      "total_time": 3834620290,
      "min_latency": 713875,
      "max_latency": 28688833,
      "avg_latency": 19173101,
      "p50_latency": 19566125,
      "p95_latency": 26405583,
      "p99_latency": 27401125,
      "throughput": 0.8149437919966777,
      "ops_per_sec": 52.15640268778737,
      "total_bytes": 3276800,
      "errors": 0
    },
    {
      "operation": "MixedWorkload/Balanced_50_50",
      "driver": "liteio",
      "object_size": 16384,
      "iterations": 200,
      "total_time": 2892033052,
      "min_latency": 3035042,
      "max_latency": 28830791,
      "avg_latency": 14460165,
      "p50_latency": 15964500,
      "p95_latency": 24822333,
      "p99_latency": 26771250,
      "throughput": 1.0805547321939806,
      "ops_per_sec": 69.15550286041476,
      "total_bytes": 3276800,
      "errors": 0
    },
    {
      "operation": "MixedWorkload/WriteHeavy_10_90",
      "driver": "liteio",
      "object_size": 16384,
      "iterations": 200,
      "total_time": 4287331918,
      "min_latency": 5339958,
      "max_latency": 39534083,
      "avg_latency": 21436659,
      "p50_latency": 23106500,
      "p95_latency": 31908833,
      "p99_latency": 32219333,
      "throughput": 0.7288915483496746,
      "ops_per_sec": 46.649059094379176,
      "total_bytes": 3276800,
      "errors": 0
    }
  ]
}